{"Undetermined": {"precision": 0.7857142857142857, "recall": 0.16176470588235295, "f1-score": 0.2682926829268293, "support": 68}, "True": {"precision": 0.8062622309197651, "recall": 0.860125260960334, "f1-score": 0.8323232323232324, "support": 479}, "False": {"precision": 0.5472636815920398, "recall": 0.6145251396648045, "f1-score": 0.5789473684210525, "support": 179}, "accuracy": 0.7341597796143251, "macro avg": {"precision": 0.7130800660753636, "recall": 0.5454717021691639, "f1-score": 0.5598544278903713, "support": 726}, "weighted avg": {"precision": 0.7404798609423059, "recall": 0.7341597796143251, "f1-score": 0.7170224651091199, "support": 726}}