{"Undetermined": {"precision": 0.6551724137931034, "recall": 0.5428571428571428, "f1-score": 0.5937499999999999, "support": 70}, "True": {"precision": 0.8288973384030418, "recall": 0.9140461215932913, "f1-score": 0.8693918245264207, "support": 477}, "False": {"precision": 0.676056338028169, "recall": 0.5363128491620112, "f1-score": 0.5981308411214954, "support": 179}, "accuracy": 0.7851239669421488, "macro avg": {"precision": 0.7200420300747714, "recall": 0.6644053712041483, "f1-score": 0.6870908885493053, "support": 726}, "weighted avg": {"precision": 0.7744630632104827, "recall": 0.7851239669421488, "f1-score": 0.7759336375480033, "support": 726}}