{"Undetermined": {"precision": 0.5217391304347826, "recall": 0.21052631578947367, "f1-score": 0.3, "support": 57}, "True": {"precision": 0.8204667863554758, "recall": 0.9251012145748988, "f1-score": 0.8696479543292103, "support": 494}, "False": {"precision": 0.7054794520547946, "recall": 0.5885714285714285, "f1-score": 0.6417445482866044, "support": 175}, "accuracy": 0.7878787878787878, "macro avg": {"precision": 0.6825617896150176, "recall": 0.5747329863119336, "f1-score": 0.6037975008719382, "support": 726}, "weighted avg": {"precision": 0.7692956294820615, "recall": 0.7878787878787878, "f1-score": 0.7699881341443329, "support": 726}}