{"Undetermined": {"precision": 0.7111111111111111, "recall": 0.49230769230769234, "f1-score": 0.5818181818181818, "support": 65}, "True": {"precision": 0.8725099601593626, "recall": 0.9221052631578948, "f1-score": 0.8966223132036848, "support": 475}, "False": {"precision": 0.7039106145251397, "recall": 0.6774193548387096, "f1-score": 0.6904109589041096, "support": 186}, "accuracy": 0.8209366391184573, "macro avg": {"precision": 0.7625105619318712, "recall": 0.6972774367680988, "f1-score": 0.722950484641992, "support": 726}, "weighted avg": {"precision": 0.8148647763079828, "recall": 0.8209366391184573, "f1-score": 0.8156063621847058, "support": 726}}