{"Undetermined": {"precision": 1.0, "recall": 0.031746031746031744, "f1-score": 0.06153846153846154, "support": 63}, "True": {"precision": 0.7704347826086957, "recall": 0.9445628997867804, "f1-score": 0.8486590038314177, "support": 469}, "False": {"precision": 0.7181208053691275, "recall": 0.5515463917525774, "f1-score": 0.6239067055393587, "support": 194}, "accuracy": 0.7603305785123967, "macro avg": {"precision": 0.8295185293259411, "recall": 0.5092851077617965, "f1-score": 0.511368056969746, "support": 726}, "weighted avg": {"precision": 0.7763765141667892, "recall": 0.7603305785123967, "f1-score": 0.7202973784414513, "support": 726}}