{"Undetermined": {"precision": 0.7164179104477612, "recall": 0.64, "f1-score": 0.676056338028169, "support": 75}, "True": {"precision": 0.8432122370936902, "recall": 0.9111570247933884, "f1-score": 0.8758689175769612, "support": 484}, "False": {"precision": 0.6838235294117647, "recall": 0.5568862275449101, "f1-score": 0.6138613861386137, "support": 167}, "accuracy": 0.8016528925619835, "macro avg": {"precision": 0.7478178923177387, "recall": 0.7026810841127662, "f1-score": 0.721928880581248, "support": 726}, "weighted avg": {"precision": 0.793449855989935, "recall": 0.8016528925619835, "f1-score": 0.7949581720998765, "support": 726}}