{"Undetermined": {"precision": 0.5666666666666667, "recall": 0.265625, "f1-score": 0.36170212765957444, "support": 64}, "True": {"precision": 0.8058823529411765, "recall": 0.8973799126637555, "f1-score": 0.8491735537190083, "support": 458}, "False": {"precision": 0.6900584795321637, "recall": 0.6243386243386243, "f1-score": 0.6555555555555556, "support": 189}, "accuracy": 0.7679324894514767, "macro avg": {"precision": 0.687535833046669, "recall": 0.5957811790007933, "f1-score": 0.6221437456447126, "support": 711}, "weighted avg": {"precision": 0.7535609521031005, "recall": 0.7679324894514767, "f1-score": 0.7538261937742876, "support": 711}}