{"Undetermined": {"precision": 0.7857142857142857, "recall": 0.532258064516129, "f1-score": 0.6346153846153847, "support": 62}, "True": {"precision": 0.8816326530612245, "recall": 0.9056603773584906, "f1-score": 0.8934850051706308, "support": 477}, "False": {"precision": 0.6927374301675978, "recall": 0.7209302325581395, "f1-score": 0.7065527065527065, "support": 172}, "accuracy": 0.8284106891701828, "macro avg": {"precision": 0.7866947896477027, "recall": 0.7196162248109198, "f1-score": 0.7448843654462407, "support": 711}, "weighted avg": {"precision": 0.8275722914392639, "recall": 0.8284106891701828, "f1-score": 0.8256899674256122, "support": 711}}