{"Undetermined": {"precision": 0.0, "recall": 0.0, "f1-score": 0.0, "support": 27}, "True": {"precision": 0.825925925925926, "recall": 0.9330543933054394, "f1-score": 0.8762278978388999, "support": 239}, "False": {"precision": 0.72, "recall": 0.6923076923076923, "f1-score": 0.7058823529411765, "support": 104}, "accuracy": 0.7972972972972973, "macro avg": {"precision": 0.5153086419753087, "recall": 0.5417873618710439, "f1-score": 0.5273700835933588, "support": 370}, "weighted avg": {"precision": 0.735881881881882, "recall": 0.7972972972972973, "f1-score": 0.7644060332145389, "support": 370}}